ordine_data,revenue,google_search_spent,google_performance_max_spent,fb_retargeting_spent,fb_prospecting_spent,google_organico,Sconti
2020-07-01,1878.71,93.04,0.0,0.0,0.0,0,1
2020-07-02,2057.76,81.2,0.0,0.0,0.0,0,1
2020-07-03,1930.55,69.4,0.0,0.0,0.0,0,2
2020-07-04,778.36,34.94,0.0,0.0,0.0,0,0
2020-07-05,1753.69,90.33,0.0,0.0,0.0,0,1
2020-07-06,3016.44,94.84,0.0,0.0,0.0,0,1
2020-07-07,2365.55,90.51,0.0,0.0,0.0,0,2
2020-07-08,2363.86,84.79,0.0,0.0,0.0,0,0
2020-07-09,1803.16,85.06,0.0,0.0,0.0,0,2
2020-07-10,1541.98,68.35,0.0,0.0,0.0,0,0
2020-07-11,985.98,53.09,0.0,0.0,0.0,0,1
2020-07-12,1370.96,77.36,0.0,0.0,0.0,0,1
2020-07-13,2880.98,80.73,0.0,0.0,0.0,0,1
2020-07-14,2802.35,81.57,0.0,0.0,0.0,0,0
2020-07-15,10489.07,77.57,0.0,0.0,0.0,0,7
2020-07-16,10457.8,65.2,0.0,0.0,0.0,0,1
2020-07-17,7033.99,52.17,0.0,0.0,0.0,0,5
2020-07-18,4031.24,57.68,0.0,0.0,0.0,0,1
2020-07-19,5577.11,91.09,0.0,0.0,0.0,0,2
2020-07-20,10846.59,84.95,0.0,0.0,0.0,0,6
2020-07-21,9959.99,77.8,0.0,0.0,0.0,0,6
2020-07-22,8641.53,79.81,0.0,0.0,0.0,0,3
2020-07-23,8183.78,71.4,0.0,0.0,0.0,0,2
2020-07-24,5944.73,58.31,0.0,0.0,0.0,0,3
2020-07-25,4610.64,49.6,0.0,0.0,0.0,0,1
2020-07-26,5487.97,66.81,0.0,0.0,0.0,0,4
2020-07-27,11644.23,90.71,0.0,0.0,0.0,0,4
2020-07-28,8885.58,79.67,0.0,0.0,0.0,0,3
2020-07-29,9295.77,70.92,0.0,0.0,0.0,0,5
2020-07-30,7747.64,60.09,0.0,0.0,0.0,0,3
2020-07-31,5608.38,48.02,0.0,0.0,0.0,0,1
2020-08-01,2988.2,35.34,0.0,0.0,0.0,0,0
2020-08-02,5348.48,65.82,0.0,0.0,0.0,0,0
2020-08-03,9807.08,117.57,0.0,0.0,0.0,0,10
2020-08-04,8879.67,143.51,0.0,0.0,0.0,0,3
2020-08-05,9147.71,111.51,0.0,0.0,0.0,0,5
2020-08-06,7519.13,111.91,0.0,0.0,0.0,0,7
2020-08-07,5808.55,69.66,0.0,0.0,0.0,0,4
2020-08-08,3686.26,61.79,0.0,0.0,0.0,0,2
2020-08-09,4375.03,136.56,0.0,0.0,0.0,0,6
2020-08-10,8510.24,122.12,0.0,0.0,0.0,0,3
2020-08-11,6988.96,118.82,0.0,0.0,0.0,0,0
2020-08-12,5820.27,123.42,0.0,0.0,0.0,0,1
2020-08-13,4786.96,108.22,0.0,0.0,0.0,0,1
2020-08-14,3024.39,81.22,0.0,0.0,0.0,0,0
2020-08-15,1572.99,37.08,0.0,0.0,0.0,0,0
2020-08-16,3771.68,65.75,0.0,0.0,0.0,0,0
2020-08-17,8281.35,65.38,0.0,0.0,0.0,0,2
2020-08-18,7160.5,42.33,0.0,0.0,0.0,0,3
2020-08-19,6525.85,73.84,0.0,0.0,0.0,0,1
2020-08-20,5625.64,60.18,0.0,0.0,0.0,0,2
2020-08-21,4037.93,31.81,0.0,0.0,0.0,0,0
2020-08-22,2315.76,28.71,0.0,0.0,0.0,0,0
2020-08-23,4565.93,33.13,0.0,0.0,0.0,0,0
2020-08-24,9179.96,63.44,0.0,0.0,0.0,0,4
2020-08-25,9094.92,53.02,0.0,0.0,0.0,0,6
2020-08-26,7568.91,51.44,0.0,0.0,0.0,0,4
2020-08-27,7940.92,40.46,0.0,0.0,0.0,0,4
2020-08-28,4711.44,75.09,0.0,0.0,0.0,0,5
2020-08-29,3211.93,30.12,0.0,0.0,0.0,0,1
2020-08-30,5192.5,49.15,0.0,0.0,0.0,0,0
2020-09-01,10326.51,69.38,0.0,0.0,0.0,0,0
2020-09-02,10065.28,76.24,0.0,0.0,0.0,0,0
2020-09-03,11419.54,75.83,0.0,0.0,0.0,0,0
2020-09-04,6264.26,79.96,0.0,0.0,0.0,0,0
2020-09-05,4118.59,105.4,0.0,0.0,0.0,0,0
2020-09-06,6022.66,87.0,0.0,0.0,0.0,0,0
2020-09-07,12442.85,155.29,0.0,0.0,0.0,0,0
2020-09-08,10872.56,175.56,0.0,0.0,0.0,0,0
2020-09-09,9547.32,153.67,0.0,0.0,0.0,0,0
2020-09-10,8606.35,144.6,0.0,0.0,0.0,0,1
2020-09-11,7079.17,84.41,0.0,0.0,0.0,0,0
2020-09-12,3276.7,55.86,0.0,0.0,0.0,0,0
2020-09-13,6853.6,73.77,0.0,0.0,0.0,0,0
2020-09-14,11880.91,119.45,0.0,0.0,0.0,0,0
2020-09-15,12677.61,115.32,0.0,0.0,0.0,0,0
2020-09-16,11191.22,192.56,0.0,0.0,0.0,0,0
2020-09-17,9132.14,178.1,0.0,0.0,0.0,0,0
2020-09-18,4771.97,164.35,0.0,0.0,0.0,0,0
2020-09-19,3926.7,94.79,0.0,0.0,0.0,0,0
2020-09-20,7111.82,159.65,0.0,0.0,0.0,0,0
2020-09-21,12735.91,202.5,0.0,0.0,0.0,0,0
2020-09-22,11654.3,149.99,0.0,0.0,0.0,0,0
2020-09-23,10851.92,163.24,0.0,0.0,0.0,0,0
2020-09-24,8993.2,143.64,0.0,0.0,0.0,0,0
2020-09-25,6215.4,128.96,0.0,0.0,0.0,0,0
2020-09-26,3957.07,119.81,0.0,0.0,0.0,0,0
2020-09-27,7067.48,173.26,0.0,0.0,0.0,0,0
2020-09-28,12271.88,231.14,0.0,0.0,0.0,0,0
2020-09-29,11847.3,163.09,0.0,0.0,0.0,0,0
2020-09-30,9672.76,79.95,0.0,0.0,0.0,0,1
2020-10-01,8872.55,96.84,0.0,0.0,0.0,0,0
2020-10-02,7063.05,61.47,0.0,0.0,0.0,0,0
2020-10-03,3964.66,53.49,0.0,0.0,0.0,0,0
2020-10-04,7146.57,85.59,0.0,0.0,0.0,0,0
2020-10-05,11264.39,105.34,0.0,0.0,0.0,0,0
2020-10-06,10184.43,78.71,0.0,0.0,0.0,0,0
2020-10-07,9735.78,70.63,0.0,0.0,0.0,0,0
2020-10-08,9085.08,84.54,0.0,0.0,0.0,0,0
2020-10-09,6377.34,76.76,0.0,0.0,0.0,0,0
2020-10-10,3837.35,64.55,0.0,0.0,0.0,0,0
2020-10-11,6681.52,84.24,0.0,0.0,0.0,0,0
2020-10-12,11990.92,98.24,0.0,0.0,0.0,0,1
2020-10-13,11088.09,99.98,0.0,0.0,0.0,0,1
2020-10-14,10212.05,89.93,0.0,0.0,0.0,0,0
2020-10-15,10377.92,93.21,0.0,0.0,0.0,0,0
2020-10-16,5581.22,48.78,0.0,0.0,0.0,0,0
2020-10-17,3897.77,44.8,0.0,0.0,0.0,0,0
2020-10-18,6834.29,48.03,0.0,0.0,0.0,0,0
2020-10-19,12824.65,121.66,0.0,0.0,0.0,0,0
2020-10-20,11168.82,103.05,0.0,0.0,0.0,0,0
2020-10-21,10434.2,108.15,0.0,0.0,0.0,0,1
2020-10-22,9957.83,107.06,0.0,0.0,0.0,0,0
2020-10-23,9749.85,49.32,0.0,0.0,0.0,0,114
2020-10-24,4918.98,45.96,0.0,0.0,0.0,0,66
2020-10-25,7336.0,40.97,0.0,0.0,0.0,0,90
2020-10-26,14362.18,92.72,0.0,0.0,0.0,0,120
2020-10-27,11618.53,73.3,0.0,0.0,0.0,0,85
2020-10-28,11434.27,86.02,0.0,0.0,0.0,0,71
2020-10-29,10223.31,84.4,0.0,0.0,0.0,0,68
2020-10-30,7000.42,69.81,0.0,0.0,0.0,0,46
2020-10-31,3675.85,39.48,0.0,0.0,0.0,0,29
2020-11-01,7901.92,61.84,0.0,0.0,0.0,0,49
2020-11-02,14870.65,108.24,0.0,0.0,0.0,0,52
2020-11-03,12300.85,86.29,0.0,0.0,0.0,0,70
2020-11-04,10180.9,110.83,0.0,0.0,0.0,0,41
2020-11-05,12829.57,92.42,0.0,0.0,0.0,0,67
2020-11-06,8460.75,76.36,0.0,0.0,0.0,0,43
2020-11-07,4643.2,35.28,0.0,0.0,0.0,0,27
2020-11-08,9240.43,66.68,0.0,0.0,0.0,0,48
2020-11-09,11007.38,114.72,0.0,0.0,0.0,0,47
2020-11-10,12151.04,97.57,0.0,0.0,0.0,0,47
2020-11-11,11062.4,228.52,0.0,0.0,0.0,0,43
2020-11-12,11995.24,209.43,0.0,0.0,0.0,0,52
2020-11-13,8139.49,169.14,0.0,0.0,0.0,0,31
2020-11-14,4754.07,181.29,0.0,0.0,0.0,0,15
2020-11-15,9034.2,201.0,0.0,0.0,0.0,0,36
2020-11-16,16381.56,251.75,0.0,0.0,0.0,0,71
2020-11-17,14396.96,206.53,0.0,0.0,0.0,0,42
2020-11-18,14348.52,178.84,0.0,0.0,0.0,0,59
2020-11-19,12426.45,147.81,0.0,0.0,0.0,0,45
2020-11-20,10914.51,204.43,0.0,0.0,0.0,0,41
2020-11-21,6051.89,201.7,0.0,0.0,0.0,0,7
2020-11-22,9146.3,350.99,0.0,0.0,0.0,0,6
2020-11-23,17098.56,278.99,0.0,0.0,0.0,0,31
2020-11-24,15286.43,273.44,0.0,0.0,0.0,0,17
2020-11-25,12281.33,248.19,0.0,0.0,0.0,0,20
2020-11-26,12458.98,180.74,0.0,0.0,0.0,0,9
2020-11-27,9748.81,245.51,0.0,0.0,0.0,0,10
2020-11-28,6997.51,283.48,0.0,0.0,0.0,0,9
2020-11-29,10876.78,259.67,0.0,0.0,0.0,0,12
2020-11-30,16580.34,248.95,0.0,0.0,0.0,0,14
2020-12-01,15242.34,307.35,0.0,0.0,0.0,0,0
2020-12-02,13750.37,297.41,0.0,0.0,0.0,0,2
2020-12-03,12722.86,258.22,0.0,0.0,0.0,0,1
2020-12-04,8428.44,211.18,0.0,0.0,0.0,0,4
2020-12-05,7030.41,141.68,0.0,0.0,0.0,0,6
2020-12-06,11370.74,246.16,0.0,0.0,0.0,0,12
2020-12-07,13686.8,368.94,0.0,0.0,0.0,0,8
2020-12-08,13336.71,298.09,0.0,0.0,0.0,0,1
2020-12-09,20123.1,306.78,0.0,0.0,0.0,0,4
2020-12-10,15777.54,301.36,0.0,0.0,0.0,0,7
2020-12-11,11743.13,281.66,0.0,0.0,0.0,0,8
2020-12-12,9880.15,146.88,0.0,0.0,0.0,0,0
2020-12-13,15999.43,132.43,0.0,0.0,0.0,0,8
2020-12-14,16000.37,368.72,0.0,0.0,0.0,0,6
2020-12-15,13480.87,305.15,0.0,0.0,0.0,0,2
2020-12-16,19722.02,266.79,0.0,0.0,0.0,0,3
2020-12-17,13585.78,266.93,0.0,0.0,0.0,0,10
2020-12-18,9018.82,159.96,0.0,0.0,0.0,0,6
2020-12-19,7179.0,93.61,0.0,0.0,0.0,0,2
2020-12-20,10360.26,181.49,0.0,0.0,0.0,0,0
2020-12-21,27815.43,328.84,0.0,0.0,0.0,0,173
2020-12-22,13697.02,291.59,0.0,0.0,0.0,0,77
2020-12-23,6539.35,205.53,0.0,0.0,0.0,0,43
2020-12-24,4027.13,147.59,0.0,0.0,0.0,0,23
2020-12-25,1345.77,122.88,0.0,0.0,0.0,0,12
2020-12-26,3244.46,322.73,0.0,0.0,0.0,0,19
2020-12-27,6479.29,358.05,0.0,0.0,0.0,0,37
2020-12-28,21459.86,291.95,0.0,0.0,0.0,0,161
2020-12-29,14625.93,252.36,0.0,0.0,0.0,0,69
2020-12-30,11539.21,203.72,0.0,0.0,0.0,0,49
2020-12-31,7579.93,116.91,0.0,0.0,0.0,0,37
2021-01-01,1570.62,78.96,0.0,0.0,0.0,0,0
2021-01-02,3999.7,224.44,0.0,0.0,0.0,0,0
2021-01-03,6611.15,372.55,0.0,0.0,0.0,0,4
2021-01-04,10910.37,355.49,0.0,0.0,0.0,0,2
2021-01-05,5884.69,301.71,0.0,0.0,0.0,0,3
2021-01-06,5466.0,347.34,0.0,0.0,0.0,0,2
2021-01-07,10801.13,339.9,0.0,0.0,0.0,0,12
2021-01-08,6131.68,179.33,0.0,0.0,0.0,0,3
2021-01-09,5810.96,175.35,0.0,0.0,0.0,0,0
2021-01-10,8567.47,160.13,0.0,0.0,0.0,0,5
2021-01-11,12182.16,296.27,0.0,0.0,0.0,0,8
2021-01-12,10807.23,252.64,0.0,0.0,0.0,0,4
2021-01-13,9715.2,258.05,0.0,0.0,0.0,0,3
2021-01-14,8394.47,249.93,0.0,0.0,0.0,0,4
2021-01-15,6102.56,212.14,0.0,0.0,0.0,0,2
2021-01-16,3675.21,179.17,0.0,0.0,0.0,0,1
2021-01-17,8370.53,209.32,0.0,0.0,0.0,0,1
2021-01-18,12424.05,311.53,0.0,0.0,0.0,0,3
2021-01-19,10614.22,242.61,0.0,0.0,0.0,0,3
2021-01-20,10591.22,271.14,0.0,0.0,0.0,0,4
2021-01-21,7773.48,269.87,0.0,0.0,0.0,0,0
2021-01-22,6896.5,199.1,0.0,0.0,0.0,0,2
2021-01-23,3638.73,187.14,0.0,0.0,0.0,0,2
2021-01-24,7210.31,203.63,0.0,0.0,0.0,0,0
2021-01-25,12841.71,293.59,0.0,0.0,0.0,0,3
2021-01-26,11035.27,282.15,0.0,0.0,0.0,0,0
2021-01-27,9257.14,248.97,0.0,0.0,0.0,0,0
2021-01-28,8310.58,231.69,0.0,0.0,0.0,0,2
2021-01-29,5242.23,183.72,0.0,0.0,0.0,0,1
2021-01-30,3078.7,254.74,0.0,0.0,0.0,0,2
2021-01-31,7000.02,227.38,0.0,0.0,0.0,0,3
2021-02-01,10958.5,148.74,0.0,0.0,0.0,0,3
2021-02-02,9515.14,131.94,0.0,0.0,0.0,0,3
2021-02-03,8375.77,116.63,0.0,0.0,0.0,0,3
2021-02-04,7375.2,105.51,0.0,0.0,0.0,0,2
2021-02-05,5032.41,80.01,0.0,0.0,0.0,0,3
2021-02-06,3348.6,52.86,0.0,0.0,0.0,0,0
2021-02-07,5246.46,109.4,0.0,0.0,0.0,0,1
2021-02-08,10680.19,217.2,0.0,0.0,0.0,0,7
2021-02-09,10257.97,166.83,0.0,0.0,0.0,0,5
2021-02-10,9782.81,127.8,0.0,0.0,0.0,0,5
2021-02-11,7749.87,113.72,0.0,0.0,0.0,0,4
2021-02-12,4958.66,97.74,0.0,0.0,0.0,0,2
2021-02-13,2650.18,130.19,0.0,0.0,0.0,0,0
2021-02-14,5317.0,124.38,0.0,0.0,0.0,0,2
2021-02-15,8920.22,143.19,0.0,0.0,0.0,0,7
2021-02-16,8313.24,131.46,0.0,0.0,0.0,0,4
2021-02-17,8269.02,112.48,0.0,0.0,0.0,0,3
2021-02-18,6995.35,103.25,0.0,0.0,0.0,0,3
2021-02-19,5035.38,91.58,0.0,0.0,0.0,0,3
2021-02-20,3640.27,91.74,0.0,0.0,0.0,0,0
2021-02-21,5051.32,131.57,0.0,0.0,0.0,0,1
2021-02-22,9413.98,175.84,0.0,0.0,0.0,0,3
2021-02-23,9809.25,136.39,0.0,0.0,0.0,0,2
2021-02-24,7694.96,138.46,0.0,0.0,0.0,0,1
2021-02-25,7561.84,150.34,0.0,0.0,0.0,0,0
2021-02-26,4864.11,91.64,0.0,0.0,0.0,0,0
2021-02-27,2436.23,78.01,0.0,0.0,0.0,0,2
2021-02-28,5270.82,80.33,0.0,0.0,0.0,0,0
2021-03-01,10124.88,144.97,0.0,0.0,0.0,0,1
2021-03-02,8839.89,132.42,0.0,0.0,0.0,0,0
2021-03-03,8021.19,132.3,0.0,0.0,0.0,0,1
2021-03-04,7834.87,127.1,0.0,0.0,0.0,0,3
2021-03-05,5165.24,96.14,0.0,0.0,0.0,0,1
2021-03-06,3279.65,70.18,0.0,0.0,0.0,0,1
2021-03-07,6084.18,77.99,0.0,0.0,0.0,0,1
2021-03-08,9544.51,178.28,0.0,0.0,0.0,0,1
2021-03-09,175.26,152.84,0.0,0.0,0.0,0,0
2021-03-12,32.8,0.0,0.0,0.0,0.0,0,0
2021-03-15,5395.53,88.99,0.0,0.0,0.0,0,0
2021-03-16,9390.58,177.05,0.0,0.0,0.0,0,0
2021-03-17,8271.69,123.16,0.0,0.0,0.0,0,0
2021-03-18,7141.71,123.99,0.0,0.0,0.0,0,0
2021-03-19,4189.48,90.2,0.0,0.0,0.0,0,1
2021-03-20,3349.58,64.07,0.0,0.0,0.0,0,0
2021-03-21,5614.71,91.07,0.0,0.0,0.0,0,0
2021-03-22,10497.97,188.36,0.0,0.0,0.0,0,0
2021-03-23,8304.91,167.16,0.0,0.0,0.0,0,2
2021-03-24,7319.71,151.04,0.0,0.0,0.0,0,0
2021-03-25,7411.32,140.51,0.0,0.0,0.0,0,1
2021-03-26,4993.64,102.57,0.0,0.0,0.0,0,0
2021-03-27,3637.75,81.53,0.0,0.0,0.0,0,0
2021-03-28,6448.24,80.62,0.0,0.0,0.0,0,1
2021-03-29,10272.9,140.28,0.0,0.0,0.0,0,2
2021-03-30,8996.32,116.82,0.0,0.0,0.0,0,2
2021-03-31,7661.99,109.91,0.0,0.0,0.0,0,1
2021-04-01,5229.36,94.23,0.0,0.0,0.0,0,3
2021-04-02,3601.65,77.91,0.0,0.0,0.0,0,1
2021-04-03,1308.64,95.21,0.0,0.0,0.0,0,0
2021-04-04,950.99,155.72,0.0,0.0,0.0,0,0
2021-04-05,4825.42,173.81,0.0,0.0,0.0,0,1
2021-04-06,8799.39,175.32,0.0,0.0,0.0,0,2
2021-04-07,7573.86,181.36,0.0,0.0,0.0,0,1
2021-04-08,6539.41,166.62,0.0,0.0,0.0,0,1
2021-04-09,4263.83,90.22,0.0,0.0,0.0,0,0
2021-04-10,2521.85,74.5,0.0,0.0,0.0,0,1
2021-04-11,4306.55,78.84,0.0,0.0,0.0,0,1
2021-04-12,8534.21,149.98,0.0,0.0,0.0,0,1
2021-04-13,7805.45,123.6,0.0,0.0,0.0,0,0
2021-04-14,6675.57,153.32,0.0,0.0,0.0,0,0
2021-04-15,20908.25,180.91,0.0,0.0,0.0,0,146
2021-04-16,5911.01,434.61,0.0,0.0,0.0,0,25
2021-04-17,4523.19,428.31,0.0,0.0,0.0,0,19
2021-04-18,5798.83,644.84,0.0,0.0,0.0,0,19
2021-04-19,9356.96,544.46,0.0,0.0,0.0,0,16
2021-04-20,9777.11,516.65,0.0,0.0,0.0,0,24
2021-04-21,8409.55,523.78,0.0,0.0,0.0,0,20
2021-04-22,17250.29,486.56,0.0,0.0,0.0,0,156
2021-04-23,3720.04,428.99,0.0,0.0,0.0,0,11
2021-04-24,2553.41,242.99,0.0,0.0,0.0,0,7
2021-04-25,3967.11,353.59,0.0,0.0,0.0,0,0
2021-04-26,7278.68,745.75,0.0,0.0,0.0,0,2
2021-04-27,7211.06,593.95,0.0,0.0,0.0,0,1
2021-04-28,5993.81,598.16,0.0,0.0,0.0,0,6
2021-04-29,5699.19,543.0,0.0,0.0,0.0,0,2
2021-04-30,4787.37,339.53,0.0,0.0,0.0,0,2
2021-05-01,1710.83,245.65,0.0,0.0,43.39,0,0
2021-05-02,3683.87,351.04,0.0,0.0,43.83,0,1
2021-05-03,8531.04,912.41,0.0,0.0,43.86,0,2
2021-05-04,7677.34,724.57,0.0,0.0,43.54,0,2
2021-05-05,6387.9,676.09,0.0,0.0,43.51,0,1
2021-05-06,5311.42,572.26,0.0,0.0,42.51,0,2
2021-05-07,3434.05,383.43,0.0,0.0,43.05,0,0
2021-05-08,2227.26,250.96,0.0,0.0,44.6,0,0
2021-05-09,2857.6,295.04,0.0,0.0,44.01,0,2
2021-05-10,7931.79,691.07,0.0,0.0,42.23,0,3
2021-05-11,8248.31,625.68,0.0,0.0,43.29,0,3
2021-05-12,6358.54,543.49,0.0,0.0,43.57,0,0
2021-05-13,5224.73,771.8,0.0,0.0,42.76,0,4
2021-05-14,3791.62,279.99,0.0,0.0,43.45,0,0
2021-05-15,2003.46,270.17,0.0,0.0,45.56,0,0
2021-05-16,3880.62,269.67,0.0,0.0,43.89,0,1
2021-05-17,7126.09,304.37,0.0,0.0,42.82,0,3
2021-05-18,7800.73,274.45,0.0,0.0,42.66,0,2
2021-05-19,6719.86,246.35,0.0,0.0,42.46,0,1
2021-05-20,5035.2,222.03,0.0,26.44,77.32,0,3
2021-05-21,3082.65,148.91,0.0,32.88,78.71,0,2
2021-05-22,1631.54,234.24,0.0,51.05,110.36,0,0
2021-05-23,2296.31,282.58,0.0,44.62,100.81,0,2
2021-05-24,6635.84,466.42,0.0,41.94,83.83,0,0
2021-05-25,6602.19,399.83,0.0,30.25,47.28,0,2
2021-05-26,5260.06,395.75,0.0,24.12,39.15,0,3
2021-05-27,5268.55,523.6,0.0,35.07,79.31,0,1
2021-05-28,3797.2,276.01,0.0,59.37,105.9,0,1
2021-05-29,1610.59,259.98,0.0,63.98,106.28,0,0
2021-05-30,2489.93,267.77,0.0,48.71,72.18,0,0
2021-05-31,8191.27,750.32,0.0,65.08,89.76,0,19
2021-06-01,5594.59,504.18,0.0,60.29,90.2,0,9
2021-06-02,3273.59,567.1,0.0,66.72,104.7,0,8
2021-06-03,6769.56,534.31,0.0,70.37,98.15,0,3
2021-06-04,5400.94,582.42,0.0,79.07,104.18,0,21
2021-06-05,2143.09,462.22,0.0,82.61,93.15,0,0
2021-06-06,3810.04,582.9,0.0,60.31,77.13,0,0
2021-06-07,7127.07,606.55,0.0,101.18,135.47,0,0
2021-06-08,5901.4,164.4,0.0,81.47,117.05,0,0
2021-06-09,5496.93,218.47,0.0,112.46,118.72,0,1
2021-06-10,4833.02,182.42,0.0,124.14,117.22,0,1
2021-06-11,2736.77,103.54,0.0,94.74,104.94,0,0
2021-06-12,1832.07,515.06,0.0,83.68,98.24,0,0
2021-06-13,3108.91,395.55,0.0,74.55,97.69,0,2
2021-06-14,6200.66,362.56,0.0,78.88,101.38,0,0
2021-06-15,6358.25,309.12,0.0,41.57,71.15,0,0
2021-06-16,5523.72,310.23,0.0,23.65,59.81,0,2
2021-06-17,4075.17,242.91,0.0,23.91,58.86,0,1
2021-06-18,3190.81,230.77,0.0,22.13,57.74,0,0
2021-06-19,1607.29,230.15,0.0,24.84,59.69,0,0
2021-06-20,3017.02,229.66,0.0,23.32,59.14,0,0
2021-06-21,6583.68,241.45,0.0,26.51,61.69,0,1
2021-06-22,5802.83,240.17,0.0,26.48,61.41,0,3
2021-06-23,5474.51,231.63,0.0,26.5,59.66,0,2
2021-06-24,3807.75,230.02,0.0,23.87,58.01,0,2
2021-06-25,2892.49,227.19,0.0,16.29,53.79,0,2
2021-06-26,1737.1,225.78,0.0,22.04,60.12,0,0
2021-06-27,2385.43,223.9,0.0,22.55,58.62,0,0
2021-06-28,19620.76,225.49,0.0,19.14,53.76,0,153
2021-06-29,17274.83,222.77,0.0,22.67,60.63,0,118
2021-06-30,5361.66,218.34,0.0,20.37,59.39,0,1
2021-07-01,5643.68,233.6,0.0,17.52,58.0,0,0
2021-07-02,3090.39,228.51,0.0,15.61,58.36,0,1
2021-07-03,1874.72,226.6,0.0,14.22,61.77,0,0
2021-07-04,2855.95,228.19,0.0,16.85,58.05,0,0
2021-07-05,5862.57,226.74,0.0,31.11,102.32,0,0
2021-07-06,5517.47,264.95,0.0,21.25,61.57,0,0
2021-07-07,4944.32,265.57,0.0,24.38,65.42,0,2
2021-07-08,4976.24,262.6,0.0,20.59,57.16,0,1
2021-07-09,2791.55,236.37,0.0,10.27,40.19,0,2
2021-07-10,1467.34,210.19,48.77,11.0,36.66,0,0
2021-07-11,2056.06,171.21,56.34,11.84,41.48,0,1
2021-07-12,6019.36,260.86,94.91,23.21,64.03,0,3
2021-07-13,5450.72,219.52,41.51,27.31,77.6,0,0
2021-07-14,5766.5,198.96,79.17,22.47,77.07,0,0
2021-07-15,4547.46,194.06,88.36,29.33,76.59,0,1
2021-07-16,2674.17,148.47,69.06,26.23,71.8,0,2
2021-07-17,1388.92,117.8,64.15,23.14,57.91,0,0
2021-07-18,2592.14,157.05,103.3,23.21,61.41,0,1
2021-07-19,6557.72,387.93,138.37,20.36,61.28,0,1
2021-07-20,5493.61,310.67,83.99,21.9,60.68,0,1
2021-07-21,4960.18,301.7,79.98,21.5,59.24,0,1
2021-07-22,4082.07,289.23,107.3,23.36,57.62,0,0
2021-07-23,2827.71,186.54,54.07,23.84,58.84,0,0
2021-07-24,2192.61,220.12,70.94,25.84,62.27,0,0
2021-07-25,2415.48,219.63,129.26,24.04,58.74,0,0
2021-07-26,6390.97,272.34,105.16,26.12,60.24,0,2
2021-07-27,5805.67,233.6,98.9,27.81,60.64,0,1
2021-07-28,5260.29,225.42,77.79,26.58,59.68,0,2
2021-07-29,3945.85,150.93,110.73,25.59,59.56,0,0
2021-07-30,3022.08,186.26,78.93,27.32,58.16,0,0
2021-07-31,1860.57,170.99,52.37,27.53,56.32,0,0
2021-08-01,2537.07,188.81,69.1,24.38,61.27,0,0
2021-08-02,4990.65,270.79,72.24,22.32,60.2,0,1
2021-08-03,5826.46,189.48,64.69,17.08,45.7,0,1
2021-08-04,4086.3,174.73,47.28,13.25,39.57,0,1
2021-08-05,4641.57,177.01,50.51,13.24,38.87,0,2
2021-08-06,2591.65,135.43,41.87,6.54,38.93,0,1
2021-08-07,1874.14,118.78,38.75,4.94,41.4,0,1
2021-08-08,2004.56,122.97,53.0,4.84,40.25,0,0
2021-08-09,4374.03,199.12,69.13,6.33,40.02,0,0
2021-08-10,3652.06,160.96,47.46,6.45,40.12,0,0
2021-08-11,3641.3,137.02,47.67,8.32,40.11,0,0
2021-08-12,2261.37,154.87,49.44,6.02,53.59,0,3
2021-08-13,1919.64,163.61,48.84,6.93,58.52,0,0
2021-08-14,1283.62,147.73,35.91,0.0,0.0,0,0
2021-08-15,1817.46,178.57,49.82,0.0,0.0,0,1
2021-08-16,4153.7,170.99,74.57,0.0,0.0,0,1
2021-08-17,3173.38,177.21,58.76,0.0,0.0,0,0
2021-08-18,2868.55,42.71,55.2,0.0,0.0,0,0
2021-08-19,3225.54,42.57,52.65,0.0,0.0,0,2
2021-08-20,1660.32,48.88,27.8,0.0,0.0,0,0
2021-08-21,1052.06,90.15,48.62,0.0,0.0,0,0
2021-08-22,1955.72,210.14,53.13,0.0,0.0,0,0
2021-08-23,5133.89,274.1,62.15,0.0,0.0,0,2
2021-08-24,4609.91,246.75,54.02,0.0,0.0,0,1
2021-08-25,3997.51,201.08,47.5,0.4,1.67,0,1
2021-08-26,3730.38,188.3,55.71,0.0,0.0,0,0
2021-08-27,2266.13,136.72,50.93,0.0,0.0,0,1
2021-08-28,1728.95,102.06,24.43,0.0,0.0,0,0
2021-08-29,2668.24,96.99,55.79,0.0,0.0,0,0
2021-08-30,4974.19,172.51,55.46,4.13,34.35,0,0
2021-08-31,4830.26,139.51,29.45,1.73,34.65,0,1
2021-09-01,4754.74,142.89,58.67,10.03,34.72,0,1
2021-09-02,4657.85,144.36,50.55,9.21,42.0,0,1
2021-09-03,2886.1,147.31,43.47,5.36,33.0,0,4
2021-09-04,1695.6,123.95,23.6,8.17,32.73,0,0
2021-09-05,2869.94,158.1,70.03,4.6,32.16,0,0
2021-09-06,6673.98,218.61,70.62,8.83,30.3,0,0
2021-09-07,6554.67,195.67,71.67,8.97,30.44,0,2
2021-09-08,5039.87,186.1,61.69,9.59,31.36,0,3
2021-09-09,5182.24,201.18,75.32,10.97,30.51,0,0
2021-09-10,3850.21,150.44,65.73,12.9,31.61,0,1
2021-09-11,1637.39,116.03,43.29,13.81,33.91,0,0
2021-09-12,2461.81,151.48,88.2,12.15,31.48,2603,1
2021-09-13,6918.33,261.7,90.56,13.62,29.61,5691,1
2021-09-14,5101.67,207.53,74.14,12.69,30.09,5616,3
2021-09-15,5335.02,204.25,65.01,11.95,30.08,5676,2
2021-09-16,4384.38,189.94,69.26,13.54,31.03,5398,2
2021-09-17,2564.39,136.96,56.27,15.87,31.46,4980,1
2021-09-18,1507.22,155.6,48.87,16.64,34.1,3229,0
2021-09-19,3035.38,165.28,51.25,13.32,31.51,2958,1
2021-09-20,6164.88,218.59,81.94,14.26,31.32,6089,21
2021-09-21,5666.57,213.36,84.22,17.55,30.55,5917,29
2021-09-22,5529.19,166.35,42.11,14.97,29.6,5727,35
2021-09-23,4364.27,124.66,122.55,7.66,31.18,5391,14
2021-09-24,3441.28,220.89,94.21,10.42,34.9,4536,11
2021-09-25,1503.72,101.47,97.31,14.47,34.86,2695,7
2021-09-26,3075.01,256.16,178.47,15.93,31.08,3212,13
2021-09-27,7223.64,465.36,140.29,16.6,29.05,6277,20
2021-09-28,6191.63,309.14,127.91,17.02,31.41,6143,17
2021-09-29,6401.52,323.04,158.53,17.5,30.65,6095,23
2021-09-30,6006.66,0.0,0.0,0.0,9.87,6020,18
2021-10-01,3259.89,0.0,0.0,0.0,11.46,5482,14
2021-10-02,2036.57,0.0,0.0,0.0,11.58,3143,8
2021-10-03,2537.66,0.0,0.0,0.0,12.69,3259,5
2021-10-04,5131.19,0.0,0.0,0.0,8.2,6597,16
2021-10-05,5867.37,0.0,0.0,0.0,11.16,6865,26
2021-10-06,5541.04,0.0,0.0,0.0,11.12,6421,12
2021-10-07,4897.76,29.37,0.0,0.91,12.89,6412,13
2021-10-08,3133.15,0.0,0.0,0.0,12.44,5710,7
2021-10-09,1820.66,0.0,0.0,0.0,12.59,3093,4
2021-10-10,2907.35,0.0,0.0,0.0,12.5,3077,8
2021-10-11,6008.83,0.0,0.0,0.0,12.04,6949,17
2021-10-12,5485.87,195.03,0.0,0.0,11.02,6684,28
2021-10-13,5291.73,274.67,155.7,12.52,34.56,6042,18
2021-10-14,4846.12,315.2,56.92,18.72,33.99,5691,17
2021-10-15,3644.88,248.9,40.6,21.15,34.56,5321,7
2021-10-16,1870.71,191.42,32.96,21.15,35.37,3141,7
2021-10-17,3446.23,219.69,60.23,17.61,32.38,3036,11
2021-10-18,6795.43,270.34,114.05,18.04,31.09,5883,20
2021-10-19,5735.92,246.75,62.13,16.57,29.65,5927,17
2021-10-20,5906.51,242.74,60.71,17.36,29.56,5759,18
2021-10-21,5183.68,243.32,60.8,17.27,30.67,5330,16
2021-10-22,3128.48,237.29,71.68,17.6,32.59,4995,12
2021-10-23,1754.73,238.08,45.95,19.24,35.21,2876,6
2021-10-24,3043.88,239.85,71.43,15.91,31.43,2943,9
2021-10-25,5978.04,244.96,69.25,17.92,30.81,6309,23
2021-10-26,6321.35,251.15,50.67,17.23,30.17,6072,21
2021-10-27,6043.38,266.63,55.16,8.54,19.54,6179,14
2021-10-28,4429.38,62.92,76.56,3.3,13.67,5429,8
2021-10-29,2202.1,456.87,63.43,3.36,13.34,5651,2
2021-10-30,1740.83,243.29,28.26,3.49,13.7,2945,1
2021-10-31,1502.6,235.99,81.29,3.32,14.16,2362,7
2021-11-01,3861.43,310.16,73.87,3.43,12.25,3476,18
2021-11-02,6534.55,296.56,64.49,3.47,11.72,6506,21
2021-11-03,5504.45,291.38,42.94,3.49,14.42,6827,22
2021-11-04,5211.69,513.77,65.04,3.68,13.43,6270,20
2021-11-05,4218.57,282.63,60.49,3.72,16.17,5724,13
2021-11-06,2450.73,175.33,20.56,3.96,14.91,3321,4
2021-11-07,3373.6,143.22,98.83,3.51,13.98,3370,12
2021-11-08,6543.42,277.44,76.45,3.51,12.18,6673,22
2021-11-09,6254.53,355.57,68.8,3.58,11.58,6880,17
2021-11-10,6275.99,318.41,69.49,3.65,12.36,6545,14
2021-11-11,4800.1,248.74,46.4,3.65,14.25,6587,14
2021-11-12,2938.72,259.67,62.29,3.71,13.07,5881,11
2021-11-13,1883.86,102.21,11.18,4.21,13.82,3581,7
2021-11-14,3064.84,100.49,28.4,3.74,13.71,3485,11
2021-11-15,5960.51,225.87,46.59,3.34,12.7,6658,22
2021-11-16,6200.39,215.88,50.02,3.22,13.77,6818,19
2021-11-17,6126.07,231.17,43.2,3.4,8.51,6269,16
2021-11-18,4558.39,301.79,34.3,3.56,11.99,6053,20
2021-11-19,2533.53,258.79,61.43,4.2,14.99,5637,10
2021-11-20,1489.06,74.95,11.08,5.92,16.48,3460,4
2021-11-21,3292.68,77.87,21.53,5.9,16.71,3581,7
2021-11-22,6994.01,221.25,41.75,12.73,23.16,7076,14
2021-11-23,5961.43,214.76,47.11,19.1,30.03,6945,23
2021-11-24,5353.82,224.68,33.77,20.08,30.29,6522,13
2021-11-25,17697.95,221.23,56.86,20.45,31.78,6352,121
2021-11-26,13613.81,213.97,28.27,20.12,31.46,5689,112
2021-11-27,2402.75,76.88,14.93,21.94,34.48,3873,17
2021-11-28,3436.36,77.34,12.2,19.72,31.66,3612,15
2021-11-29,6987.25,241.72,37.15,20.89,31.47,6929,25
2021-11-30,4960.64,208.71,53.75,20.52,32.19,6902,17
2021-12-01,5485.93,245.19,37.32,19.67,30.83,6978,23
2021-12-02,5306.16,237.89,61.05,20.22,32.19,6841,12
2021-12-03,5301.18,219.73,29.46,20.1,31.55,6944,22
2021-12-04,2587.16,75.46,13.05,6.02,9.49,4432,8
2021-12-05,4190.47,72.48,14.04,0.0,0.0,3960,10
2021-12-06,7525.98,217.99,50.2,18.36,25.12,7795,17
2021-12-07,6415.08,207.53,21.55,19.93,25.04,6720,10
2021-12-08,4915.72,210.18,49.62,23.21,33.18,4704,19
2021-12-09,7788.17,232.82,76.89,23.86,35.83,7857,21
2021-12-10,6990.86,266.43,37.41,22.85,36.63,7087,19
2021-12-11,3055.72,76.74,7.97,23.61,36.74,4509,6
2021-12-12,4843.64,89.92,24.99,20.63,33.08,4438,18
2021-12-13,10482.65,310.62,51.99,21.45,33.56,8700,25
2021-12-14,10581.56,308.04,40.59,20.99,33.31,8665,27
2021-12-15,9520.25,367.43,44.51,20.07,30.15,8836,19
2021-12-16,10487.03,428.77,36.68,20.46,32.63,8466,25
2021-12-17,7024.91,513.3,37.82,21.05,32.73,8033,19
2021-12-18,3420.89,77.55,13.95,23.16,35.33,5007,5
2021-12-19,5850.73,80.04,15.58,21.31,33.61,4439,7
2021-12-20,26047.24,490.61,51.93,21.52,32.93,8779,171
2021-12-21,20130.25,397.13,41.39,20.36,32.77,8182,119
2021-12-22,5793.67,372.06,40.9,20.33,32.57,7234,18
2021-12-23,3231.42,529.41,43.12,20.69,31.73,5822,12
2021-12-24,1450.1,146.56,11.2,20.86,33.05,3024,6
2021-12-25,731.38,77.16,9.24,23.48,35.94,1910,1
2021-12-26,2075.78,76.06,22.0,21.52,33.74,2771,7
2021-12-27,6543.32,251.04,51.75,21.65,32.91,6468,21
2021-12-28,7426.74,506.36,19.68,21.79,32.8,6011,15
2021-12-29,4921.18,562.99,58.91,20.22,31.86,5644,18
2021-12-30,6507.9,301.05,35.34,20.23,33.04,4811,12
2021-12-31,1699.36,209.69,9.31,19.73,32.16,2676,5
2022-01-01,1334.25,56.3,15.21,21.0,24.25,2016,0
2022-01-02,2450.69,78.73,14.98,19.91,21.73,3144,1
2022-01-03,5677.11,271.23,45.94,21.02,22.23,6162,16
2022-01-04,5337.76,211.53,45.12,20.06,21.06,6206,23
2022-01-05,3523.35,189.74,31.28,19.87,21.08,5413,14
2022-01-06,2951.59,138.82,42.1,20.36,21.79,3861,6
2022-01-07,3990.13,424.17,80.7,21.34,22.19,5780,11
2022-01-08,3120.34,78.26,12.75,22.59,23.92,4413,9
2022-01-09,3141.9,75.14,13.59,20.07,21.4,3763,6
2022-01-10,7159.45,432.81,47.63,20.66,21.55,7149,19
2022-01-11,6919.14,400.59,42.42,20.93,21.78,7698,25
2022-01-12,5980.13,417.66,41.12,20.4,21.68,7329,19
2022-01-13,5737.6,420.74,50.45,20.45,21.39,6897,21
2022-01-14,4374.84,387.94,37.12,21.28,22.06,6565,16
2022-01-15,2179.55,111.54,17.73,22.98,24.14,3944,8
2022-01-16,3599.79,120.12,32.27,19.83,21.31,3604,13
2022-01-17,7773.84,440.56,100.2,21.13,22.32,7194,22
2022-01-18,7728.56,442.4,68.39,20.04,21.03,6919,28
2022-01-19,7172.95,425.08,94.71,20.31,26.24,6825,10
2022-01-20,5583.26,404.4,107.66,20.16,30.11,6566,18
2022-01-21,3689.49,269.32,81.35,19.5,30.53,5869,16
2022-01-22,2148.72,103.53,17.0,21.9,33.75,3926,6
2022-01-23,2861.71,103.63,33.32,19.51,30.58,3467,3
2022-01-24,6677.14,378.0,104.11,20.19,30.49,6947,22
2022-01-25,6894.49,890.74,157.4,19.84,30.32,6550,17
2022-01-26,6107.54,644.21,143.83,20.06,31.1,6101,11
2022-01-27,6592.92,390.07,83.61,20.39,30.63,5887,18
2022-01-28,4045.78,241.98,67.15,20.5,30.69,5645,17
2022-01-29,5824.62,96.02,17.83,22.18,33.25,3513,5
2022-01-30,3219.01,94.19,29.83,21.18,31.74,3325,10
2022-01-31,8797.88,332.75,100.37,20.83,31.05,6920,18
2022-02-01,7117.38,417.44,86.93,19.93,30.36,6464,25
2022-02-02,5999.78,472.08,95.8,20.23,29.96,6237,14
2022-02-03,5045.91,403.28,97.01,20.09,30.2,5813,17
2022-02-04,4362.41,281.57,150.63,20.66,31.82,5214,10
2022-02-05,1849.98,86.89,8.38,21.53,33.35,3248,3
2022-02-06,3422.41,86.6,37.81,19.14,29.46,3134,10
2022-02-07,7877.16,312.94,86.3,20.36,30.46,6491,14
2022-02-08,6893.43,330.17,67.99,19.75,29.77,6650,13
2022-02-09,6278.3,332.9,58.91,19.88,29.98,6060,21
2022-02-10,6400.52,319.09,67.59,19.93,30.47,5710,16
2022-02-11,3921.14,193.66,75.57,20.96,30.78,4921,11
2022-02-12,2325.44,87.46,13.0,22.97,34.01,3291,6
2022-02-13,3174.37,89.11,37.98,18.45,31.07,2809,9
2022-02-14,7166.95,319.04,101.86,20.02,30.57,5792,20
2022-02-15,7475.88,342.44,89.93,20.29,29.9,6155,21
2022-02-16,5648.14,373.35,67.9,20.14,29.78,5788,12
2022-02-17,6061.37,347.75,125.32,19.96,30.44,5003,9
2022-02-18,3722.15,258.1,79.3,20.31,31.06,4696,14
2022-02-19,2670.47,92.04,9.96,23.16,33.75,3058,8
2022-02-20,3385.87,86.37,40.5,19.9,30.59,1398,3
2022-02-21,372.27,42.17,22.04,1.33,2.13,0,0
